0.000000000000000000e+00,1.198438000000000021e-03,3.900000000000000000e+02,4.673908199999999846e-01,1.720000000000000000e+02,2.061313359999999983e-01,4.700000000000000000e+01,5.632658599999999793e-02
3.000000000000000000e+02,1.130526499999999924e-03,3.900000000000000000e+02,4.409053349999999538e-01,1.720000000000000000e+02,1.944505579999999956e-01,4.700000000000000000e+01,5.313474549999999685e-02
6.000000000000000000e+02,1.062615000000000044e-03,3.900000000000000000e+02,4.144198500000000340e-01,1.720000000000000000e+02,1.827697800000000206e-01,4.700000000000000000e+01,4.994290500000000271e-02
9.000000000000000000e+02,9.947034999999999471e-04,3.900000000000000000e+02,3.879343650000000032e-01,1.720000000000000000e+02,1.710890019999999900e-01,4.700000000000000000e+01,4.675106449999999469e-02
1.200000000000000000e+03,9.267920000000000672e-04,3.900000000000000000e+02,3.614488800000000279e-01,1.720000000000000000e+02,1.594082240000000150e-01,4.700000000000000000e+01,4.355922400000000055e-02
1.500000000000000000e+03,8.588804999999999704e-04,3.900000000000000000e+02,3.349633949999999971e-01,1.720000000000000000e+02,1.477274459999999845e-01,4.700000000000000000e+01,4.036738349999999947e-02
1.800000000000000000e+03,7.909689999999999820e-04,3.900000000000000000e+02,3.084779099999999663e-01,1.720000000000000000e+02,1.360466680000000095e-01,4.700000000000000000e+01,3.717554299999999839e-02
2.100000000000000000e+03,7.230574999999999936e-04,3.900000000000000000e+02,2.819924249999999910e-01,1.720000000000000000e+02,1.243658899999999928e-01,4.700000000000000000e+01,3.398370249999999732e-02
2.400000000000000000e+03,6.551460000000000053e-04,3.900000000000000000e+02,2.555069400000000157e-01,1.720000000000000000e+02,1.126851120000000039e-01,4.700000000000000000e+01,3.079186199999999971e-02
2.700000000000000000e+03,5.872344999999999085e-04,3.900000000000000000e+02,2.290214549999999571e-01,1.720000000000000000e+02,1.010043339999999873e-01,4.700000000000000000e+01,2.760002149999999516e-02
3.000000000000000000e+03,5.193229999999999201e-04,3.900000000000000000e+02,2.025359699999999818e-01,1.720000000000000000e+02,8.932355599999998452e-02,4.700000000000000000e+01,2.440818099999999755e-02
3.300000000000000000e+03,4.514114999999999317e-04,3.900000000000000000e+02,1.760504849999999788e-01,1.720000000000000000e+02,7.764277799999998175e-02,4.700000000000000000e+01,2.121634049999999647e-02
3.600000000000000000e+03,3.834999999999999976e-04,3.900000000000000000e+02,1.495650000000000035e-01,1.720000000000000000e+02,6.596199999999999286e-02,4.700000000000000000e+01,1.802449999999999886e-02
3.900000000000000000e+03,3.795052500000000101e-04,3.900000000000000000e+02,1.480070475000000163e-01,1.720000000000000000e+02,6.527490299999999523e-02,4.700000000000000000e+01,1.783674675000000015e-02
4.200000000000000000e+03,3.755104999999999684e-04,3.900000000000000000e+02,1.464490950000000014e-01,1.720000000000000000e+02,6.458780599999999761e-02,4.700000000000000000e+01,1.764899349999999797e-02
4.500000000000000000e+03,3.715157499999999810e-04,3.900000000000000000e+02,1.448911424999999864e-01,1.720000000000000000e+02,6.390070899999999998e-02,4.700000000000000000e+01,1.746124024999999927e-02
4.800000000000000000e+03,3.675209999999999935e-04,3.900000000000000000e+02,1.433331899999999992e-01,1.720000000000000000e+02,6.321361200000000236e-02,4.700000000000000000e+01,1.727348700000000056e-02
5.100000000000000000e+03,3.635262500000000061e-04,3.900000000000000000e+02,1.417752375000000120e-01,1.720000000000000000e+02,6.252651500000000473e-02,4.700000000000000000e+01,1.708573375000000186e-02
5.400000000000000000e+03,3.595315000000000186e-04,3.900000000000000000e+02,1.402172849999999971e-01,1.720000000000000000e+02,6.183941800000000016e-02,4.700000000000000000e+01,1.689798049999999968e-02
5.700000000000000000e+03,3.555367499999999769e-04,3.900000000000000000e+02,1.386593324999999821e-01,1.720000000000000000e+02,6.115232099999999560e-02,4.700000000000000000e+01,1.671022724999999751e-02
6.000000000000000000e+03,3.515419999999999895e-04,3.900000000000000000e+02,1.371013799999999949e-01,1.720000000000000000e+02,6.046522399999999797e-02,4.700000000000000000e+01,1.652247399999999880e-02
6.300000000000000000e+03,3.475472500000000020e-04,3.900000000000000000e+02,1.355434275000000077e-01,1.720000000000000000e+02,5.977812700000000035e-02,4.700000000000000000e+01,1.633472075000000009e-02
6.600000000000000000e+03,3.435524999999999603e-04,3.900000000000000000e+02,1.339854749999999928e-01,1.720000000000000000e+02,5.909102999999999578e-02,4.700000000000000000e+01,1.614696749999999792e-02
6.900000000000000000e+03,3.395577499999999729e-04,3.900000000000000000e+02,1.324275224999999778e-01,1.720000000000000000e+02,5.840393299999999815e-02,4.700000000000000000e+01,1.595921424999999921e-02
7.200000000000000000e+03,3.355629999999999854e-04,3.900000000000000000e+02,1.308695699999999906e-01,1.720000000000000000e+02,5.771683600000000053e-02,4.700000000000000000e+01,1.577146100000000051e-02
7.500000000000000000e+03,3.395577499999999729e-04,3.900000000000000000e+02,1.324275224999999778e-01,1.720000000000000000e+02,5.840393299999999815e-02,4.700000000000000000e+01,1.595921424999999921e-02
7.800000000000000000e+03,3.435524999999999603e-04,3.900000000000000000e+02,1.339854749999999928e-01,1.720000000000000000e+02,5.909102999999999578e-02,4.700000000000000000e+01,1.614696749999999792e-02
8.100000000000000000e+03,3.475472500000000020e-04,3.900000000000000000e+02,1.355434275000000077e-01,1.720000000000000000e+02,5.977812700000000035e-02,4.700000000000000000e+01,1.633472075000000009e-02
8.400000000000000000e+03,3.515419999999999895e-04,3.900000000000000000e+02,1.371013799999999949e-01,1.720000000000000000e+02,6.046522399999999797e-02,4.700000000000000000e+01,1.652247399999999880e-02
8.700000000000000000e+03,3.555367499999999769e-04,3.900000000000000000e+02,1.386593324999999821e-01,1.720000000000000000e+02,6.115232099999999560e-02,4.700000000000000000e+01,1.671022724999999751e-02
9.000000000000000000e+03,3.595315000000000186e-04,3.900000000000000000e+02,1.402172849999999971e-01,1.720000000000000000e+02,6.183941800000000016e-02,4.700000000000000000e+01,1.689798049999999968e-02
9.300000000000000000e+03,3.635262500000000061e-04,3.900000000000000000e+02,1.417752375000000120e-01,1.720000000000000000e+02,6.252651500000000473e-02,4.700000000000000000e+01,1.708573375000000186e-02
9.600000000000000000e+03,3.675209999999999935e-04,3.900000000000000000e+02,1.433331899999999992e-01,1.720000000000000000e+02,6.321361200000000236e-02,4.700000000000000000e+01,1.727348700000000056e-02
9.900000000000000000e+03,3.715157499999999810e-04,3.900000000000000000e+02,1.448911424999999864e-01,1.720000000000000000e+02,6.390070899999999998e-02,4.700000000000000000e+01,1.746124024999999927e-02
1.020000000000000000e+04,3.755104999999999684e-04,3.900000000000000000e+02,1.464490950000000014e-01,1.720000000000000000e+02,6.458780599999999761e-02,4.700000000000000000e+01,1.764899349999999797e-02
1.050000000000000000e+04,3.795052500000000101e-04,3.900000000000000000e+02,1.480070475000000163e-01,1.720000000000000000e+02,6.527490299999999523e-02,4.700000000000000000e+01,1.783674675000000015e-02
1.080000000000000000e+04,3.834999999999999976e-04,3.900000000000000000e+02,1.495650000000000035e-01,1.720000000000000000e+02,6.596199999999999286e-02,4.700000000000000000e+01,1.802449999999999886e-02
1.110000000000000000e+04,3.954844166666666473e-04,3.900000000000000000e+02,1.542389224999999864e-01,1.720000000000000000e+02,6.802331966666666507e-02,4.700000000000000000e+01,1.858776758333333112e-02
1.140000000000000000e+04,4.074688333333333513e-04,3.900000000000000000e+02,1.589128449999999970e-01,1.720000000000000000e+02,7.008463933333333729e-02,4.700000000000000000e+01,1.915103516666666686e-02
1.170000000000000000e+04,4.194532500000000010e-04,3.900000000000000000e+02,1.635867675000000077e-01,1.720000000000000000e+02,7.214595899999999562e-02,4.700000000000000000e+01,1.971430274999999913e-02
1.200000000000000000e+04,4.314376666666666508e-04,3.900000000000000000e+02,1.682606899999999905e-01,1.720000000000000000e+02,7.420727866666666783e-02,4.700000000000000000e+01,2.027757033333333139e-02
1.230000000000000000e+04,4.434220833333333005e-04,3.900000000000000000e+02,1.729346124999999734e-01,1.720000000000000000e+02,7.626859833333332617e-02,4.700000000000000000e+01,2.084083791666666366e-02
1.260000000000000000e+04,4.554064999999999502e-04,3.900000000000000000e+02,1.776085349999999841e-01,1.720000000000000000e+02,7.832991799999999838e-02,4.700000000000000000e+01,2.140410549999999940e-02
1.290000000000000000e+04,4.673909166666666542e-04,3.900000000000000000e+02,1.822824574999999947e-01,1.720000000000000000e+02,8.039123766666667059e-02,4.700000000000000000e+01,2.196737308333333166e-02
1.320000000000000000e+04,4.793753333333333039e-04,3.900000000000000000e+02,1.869563799999999776e-01,1.720000000000000000e+02,8.245255733333332893e-02,4.700000000000000000e+01,2.253064066666666393e-02
1.350000000000000000e+04,4.913597499999999537e-04,3.900000000000000000e+02,1.916303024999999882e-01,1.720000000000000000e+02,8.451387699999998726e-02,4.700000000000000000e+01,2.309390824999999620e-02
1.380000000000000000e+04,5.033441666666666576e-04,3.900000000000000000e+02,1.963042249999999989e-01,1.720000000000000000e+02,8.657519666666665947e-02,4.700000000000000000e+01,2.365717583333333193e-02
1.410000000000000000e+04,5.153285833333332532e-04,3.900000000000000000e+02,2.009781474999999817e-01,1.720000000000000000e+02,8.863651633333331781e-02,4.700000000000000000e+01,2.422044341666666420e-02
1.440000000000000000e+04,5.273129999999999571e-04,3.900000000000000000e+02,2.056520699999999924e-01,1.720000000000000000e+02,9.069783599999999002e-02,4.700000000000000000e+01,2.478371099999999647e-02
1.470000000000000000e+04,7.150681666666665976e-04,3.900000000000000000e+02,2.788765849999999547e-01,1.720000000000000000e+02,1.229917246666666492e-01,4.700000000000000000e+01,3.360820383333332911e-02
1.500000000000000000e+04,9.028233333333332382e-04,3.900000000000000000e+02,3.521010999999999447e-01,1.720000000000000000e+02,1.552856133333333222e-01,4.700000000000000000e+01,4.243269666666666523e-02
1.530000000000000000e+04,1.090578499999999987e-03,3.900000000000000000e+02,4.253256149999999902e-01,1.720000000000000000e+02,1.875795020000000091e-01,4.700000000000000000e+01,5.125718950000000135e-02
1.560000000000000000e+04,1.278333666666666736e-03,3.900000000000000000e+02,4.985501300000000358e-01,1.720000000000000000e+02,2.198733906666666682e-01,4.700000000000000000e+01,6.008168233333333746e-02
1.590000000000000000e+04,1.466088833333333268e-03,3.900000000000000000e+02,5.717746449999999703e-01,1.720000000000000000e+02,2.521672793333333273e-01,4.700000000000000000e+01,6.890617516666666664e-02
1.620000000000000000e+04,1.653844000000000017e-03,3.900000000000000000e+02,6.449991600000000158e-01,1.720000000000000000e+02,2.844611679999999865e-01,4.700000000000000000e+01,7.773066800000000276e-02
1.650000000000000000e+04,1.841599166666666766e-03,3.900000000000000000e+02,7.182236750000000614e-01,1.720000000000000000e+02,3.167550566666667011e-01,4.700000000000000000e+01,8.655516083333333888e-02
1.680000000000000000e+04,2.029354333333333298e-03,3.900000000000000000e+02,7.914481899999999959e-01,1.720000000000000000e+02,3.490489453333333048e-01,4.700000000000000000e+01,9.537965366666666112e-02
1.710000000000000000e+04,2.217109499999999830e-03,3.900000000000000000e+02,8.646727049999999304e-01,1.720000000000000000e+02,3.813428339999999639e-01,4.700000000000000000e+01,1.042041464999999972e-01
1.740000000000000000e+04,2.404864666666666796e-03,3.900000000000000000e+02,9.378972200000000869e-01,1.720000000000000000e+02,4.136367226666666785e-01,4.700000000000000000e+01,1.130286393333333333e-01
1.770000000000000000e+04,2.592619833333333762e-03,3.900000000000000000e+02,1.011121735000000132e+00,1.720000000000000000e+02,4.459306113333333932e-01,4.700000000000000000e+01,1.218531321666666833e-01
1.800000000000000000e+04,2.780374999999999860e-03,3.900000000000000000e+02,1.084346249999999845e+00,1.720000000000000000e+02,4.782244999999999968e-01,4.700000000000000000e+01,1.306776249999999917e-01
1.830000000000000000e+04,3.199828166666666626e-03,3.900000000000000000e+02,1.247932985000000050e+00,1.720000000000000000e+02,5.503704446666666250e-01,4.700000000000000000e+01,1.503919238333333297e-01
1.860000000000000000e+04,3.619281333333332958e-03,3.900000000000000000e+02,1.411519719999999811e+00,1.720000000000000000e+02,6.225163893333333087e-01,4.700000000000000000e+01,1.701062226666666399e-01
1.890000000000000000e+04,4.038734500000000158e-03,3.900000000000000000e+02,1.575106455000000016e+00,1.720000000000000000e+02,6.946623339999999924e-01,4.700000000000000000e+01,1.898205215000000057e-01
1.920000000000000000e+04,4.458187666666666056e-03,3.900000000000000000e+02,1.738693189999999777e+00,1.720000000000000000e+02,7.668082786666665651e-01,4.700000000000000000e+01,2.095348203333333159e-01
1.950000000000000000e+04,4.877640833333332822e-03,3.900000000000000000e+02,1.902279924999999761e+00,1.720000000000000000e+02,8.389542233333332488e-01,4.700000000000000000e+01,2.292491191666666539e-01
1.980000000000000000e+04,5.297093999999999588e-03,3.900000000000000000e+02,2.065866659999999744e+00,1.720000000000000000e+02,9.111001679999999325e-01,4.700000000000000000e+01,2.489634179999999919e-01
2.010000000000000000e+04,5.716547166666665486e-03,3.900000000000000000e+02,2.229453394999999727e+00,1.720000000000000000e+02,9.832461126666665052e-01,4.700000000000000000e+01,2.686777168333333021e-01
2.040000000000000000e+04,6.136000333333332252e-03,3.900000000000000000e+02,2.393040129999999710e+00,1.720000000000000000e+02,1.055392057333333078e+00,4.700000000000000000e+01,2.883920156666666124e-01
2.070000000000000000e+04,6.555453499999999017e-03,3.900000000000000000e+02,2.556626864999999693e+00,1.720000000000000000e+02,1.127538001999999873e+00,4.700000000000000000e+01,3.081063144999999781e-01
2.100000000000000000e+04,6.974906666666665783e-03,3.900000000000000000e+02,2.720213599999999676e+00,1.720000000000000000e+02,1.199683946666666445e+00,4.700000000000000000e+01,3.278206133333332883e-01
2.130000000000000000e+04,7.394359833333332549e-03,3.900000000000000000e+02,2.883800334999999659e+00,1.720000000000000000e+02,1.271829891333333240e+00,4.700000000000000000e+01,3.475349121666666541e-01
2.160000000000000000e+04,7.813812999999999315e-03,3.900000000000000000e+02,3.047387069999999643e+00,1.720000000000000000e+02,1.343975835999999813e+00,4.700000000000000000e+01,3.672492109999999643e-01
2.190000000000000000e+04,8.009557750000000087e-03,3.900000000000000000e+02,3.123727522499999854e+00,1.720000000000000000e+02,1.377643933000000098e+00,4.700000000000000000e+01,3.764492142499999972e-01
2.220000000000000000e+04,8.205302499999999125e-03,3.900000000000000000e+02,3.200067974999999620e+00,1.720000000000000000e+02,1.411312029999999940e+00,4.700000000000000000e+01,3.856492174999999745e-01
2.250000000000000000e+04,8.401047249999999897e-03,3.900000000000000000e+02,3.276408427499999831e+00,1.720000000000000000e+02,1.444980127000000003e+00,4.700000000000000000e+01,3.948492207500000073e-01
2.280000000000000000e+04,8.596791999999998934e-03,3.900000000000000000e+02,3.352748879999999598e+00,1.720000000000000000e+02,1.478648223999999844e+00,4.700000000000000000e+01,4.040492239999999291e-01
2.310000000000000000e+04,8.792536749999999707e-03,3.900000000000000000e+02,3.429089332499999809e+00,1.720000000000000000e+02,1.512316320999999908e+00,4.700000000000000000e+01,4.132492272499999619e-01
2.340000000000000000e+04,8.988281500000000479e-03,3.900000000000000000e+02,3.505429785000000020e+00,1.720000000000000000e+02,1.545984418000000193e+00,4.700000000000000000e+01,4.224492305000000503e-01
2.370000000000000000e+04,9.184026249999999517e-03,3.900000000000000000e+02,3.581770237499999787e+00,1.720000000000000000e+02,1.579652514999999813e+00,4.700000000000000000e+01,4.316492337499999721e-01
2.400000000000000000e+04,9.379771000000000289e-03,3.900000000000000000e+02,3.658110689999999998e+00,1.720000000000000000e+02,1.613320612000000098e+00,4.700000000000000000e+01,4.408492370000000049e-01
2.430000000000000000e+04,9.575515749999999326e-03,3.900000000000000000e+02,3.734451142499999765e+00,1.720000000000000000e+02,1.646988708999999940e+00,4.700000000000000000e+01,4.500492402499999822e-01
2.460000000000000000e+04,9.771260500000000099e-03,3.900000000000000000e+02,3.810791594999999976e+00,1.720000000000000000e+02,1.680656806000000003e+00,4.700000000000000000e+01,4.592492435000000151e-01
2.490000000000000000e+04,9.967005250000000871e-03,3.900000000000000000e+02,3.887132047500000187e+00,1.720000000000000000e+02,1.714324903000000067e+00,4.700000000000000000e+01,4.684492467500000479e-01
2.520000000000000000e+04,1.016274999999999991e-02,3.900000000000000000e+02,3.963472499999999954e+00,1.720000000000000000e+02,1.747992999999999908e+00,4.700000000000000000e+01,4.776492499999999697e-01
2.550000000000000000e+04,1.004690108333333373e-02,3.900000000000000000e+02,3.918291422500000287e+00,1.720000000000000000e+02,1.728066986333333332e+00,4.700000000000000000e+01,4.722043509166666819e-01
2.580000000000000000e+04,9.931052166666665820e-03,3.900000000000000000e+02,3.873110344999999732e+00,1.720000000000000000e+02,1.708140972666666535e+00,4.700000000000000000e+01,4.667594518333332831e-01
2.610000000000000000e+04,9.815203249999999643e-03,3.900000000000000000e+02,3.827929267500000066e+00,1.720000000000000000e+02,1.688214958999999959e+00,4.700000000000000000e+01,4.613145527499999954e-01
2.640000000000000000e+04,9.699354333333333467e-03,3.900000000000000000e+02,3.782748189999999955e+00,1.720000000000000000e+02,1.668288945333333384e+00,4.700000000000000000e+01,4.558696536666666521e-01
2.670000000000000000e+04,9.583505416666667290e-03,3.900000000000000000e+02,3.737567112500000288e+00,1.720000000000000000e+02,1.648362931666666809e+00,4.700000000000000000e+01,4.504247545833333644e-01
2.700000000000000000e+04,9.467656500000001113e-03,3.900000000000000000e+02,3.692386035000000621e+00,1.720000000000000000e+02,1.628436918000000233e+00,4.700000000000000000e+01,4.449798555000000766e-01
2.730000000000000000e+04,9.351807583333333201e-03,3.900000000000000000e+02,3.647204957500000067e+00,1.720000000000000000e+02,1.608510904333333214e+00,4.700000000000000000e+01,4.395349564166666778e-01
2.760000000000000000e+04,9.235958666666667025e-03,3.900000000000000000e+02,3.602023879999999956e+00,1.720000000000000000e+02,1.588584890666666638e+00,4.700000000000000000e+01,4.340900573333333345e-01
2.790000000000000000e+04,9.120109750000000848e-03,3.900000000000000000e+02,3.556842802500000289e+00,1.720000000000000000e+02,1.568658877000000063e+00,4.700000000000000000e+01,4.286451582500000468e-01
2.820000000000000000e+04,9.004260833333332936e-03,3.900000000000000000e+02,3.511661724999999734e+00,1.720000000000000000e+02,1.548732863333333265e+00,4.700000000000000000e+01,4.232002591666666480e-01
2.850000000000000000e+04,8.888411916666666759e-03,3.900000000000000000e+02,3.466480647500000067e+00,1.720000000000000000e+02,1.528806849666666690e+00,4.700000000000000000e+01,4.177553600833333602e-01
2.880000000000000000e+04,8.772563000000000583e-03,3.900000000000000000e+02,3.421299570000000401e+00,1.720000000000000000e+02,1.508880836000000114e+00,4.700000000000000000e+01,4.123104610000000170e-01
2.910000000000000000e+04,8.712641083333333425e-03,3.900000000000000000e+02,3.397930022500000202e+00,1.720000000000000000e+02,1.498574266333333238e+00,4.700000000000000000e+01,4.094941309166666432e-01
2.940000000000000000e+04,8.652719166666666267e-03,3.900000000000000000e+02,3.374560475000000004e+00,1.720000000000000000e+02,1.488267696666666584e+00,4.700000000000000000e+01,4.066778008333333250e-01
2.970000000000000000e+04,8.592797250000000844e-03,3.900000000000000000e+02,3.351190927500000249e+00,1.720000000000000000e+02,1.477961127000000152e+00,4.700000000000000000e+01,4.038614707500000622e-01
3.000000000000000000e+04,8.532875333333333687e-03,3.900000000000000000e+02,3.327821380000000051e+00,1.720000000000000000e+02,1.467654557333333498e+00,4.700000000000000000e+01,4.010451406666666885e-01
3.030000000000000000e+04,8.472953416666666529e-03,3.900000000000000000e+02,3.304451832499999853e+00,1.720000000000000000e+02,1.457347987666666622e+00,4.700000000000000000e+01,3.982288105833333147e-01
3.060000000000000000e+04,8.413031500000001106e-03,3.900000000000000000e+02,3.281082285000000542e+00,1.720000000000000000e+02,1.447041418000000190e+00,4.700000000000000000e+01,3.954124805000000520e-01
3.090000000000000000e+04,8.353109583333333948e-03,3.900000000000000000e+02,3.257712737500000344e+00,1.720000000000000000e+02,1.436734848333333536e+00,4.700000000000000000e+01,3.925961504166666782e-01
3.120000000000000000e+04,8.293187666666666791e-03,3.900000000000000000e+02,3.234343190000000146e+00,1.720000000000000000e+02,1.426428278666666660e+00,4.700000000000000000e+01,3.897798203333333600e-01
3.150000000000000000e+04,8.233265749999999633e-03,3.900000000000000000e+02,3.210973642499999947e+00,1.720000000000000000e+02,1.416121709000000006e+00,4.700000000000000000e+01,3.869634902499999862e-01
3.180000000000000000e+04,8.173343833333332475e-03,3.900000000000000000e+02,3.187604094999999749e+00,1.720000000000000000e+02,1.405815139333333130e+00,4.700000000000000000e+01,3.841471601666666125e-01
3.210000000000000000e+04,8.113421916666667053e-03,3.900000000000000000e+02,3.164234547499999994e+00,1.720000000000000000e+02,1.395508569666666698e+00,4.700000000000000000e+01,3.813308300833333497e-01
3.240000000000000000e+04,8.053499999999999895e-03,3.900000000000000000e+02,3.140864999999999796e+00,1.720000000000000000e+02,1.385202000000000044e+00,4.700000000000000000e+01,3.785144999999999760e-01
3.270000000000000000e+04,7.985588583333333088e-03,3.900000000000000000e+02,3.114379547500000012e+00,1.720000000000000000e+02,1.373521236333333340e+00,4.700000000000000000e+01,3.753226634166666464e-01
3.300000000000000000e+04,7.917677166666666280e-03,3.900000000000000000e+02,3.087894094999999783e+00,1.720000000000000000e+02,1.361840472666666635e+00,4.700000000000000000e+01,3.721308268333333169e-01
3.330000000000000000e+04,7.849765749999999473e-03,3.900000000000000000e+02,3.061408642499999999e+00,1.720000000000000000e+02,1.350159708999999930e+00,4.700000000000000000e+01,3.689389902499999874e-01
3.360000000000000000e+04,7.781854333333333533e-03,3.900000000000000000e+02,3.034923190000000215e+00,1.720000000000000000e+02,1.338478945333333447e+00,4.700000000000000000e+01,3.657471536666666578e-01
3.390000000000000000e+04,7.713942916666666726e-03,3.900000000000000000e+02,3.008437737499999987e+00,1.720000000000000000e+02,1.326798181666666743e+00,4.700000000000000000e+01,3.625553170833333283e-01
3.420000000000000000e+04,7.646031499999999918e-03,3.900000000000000000e+02,2.981952284999999758e+00,1.720000000000000000e+02,1.315117418000000038e+00,4.700000000000000000e+01,3.593634804999999988e-01
3.450000000000000000e+04,7.578120083333333111e-03,3.900000000000000000e+02,2.955466832499999974e+00,1.720000000000000000e+02,1.303436654333333333e+00,4.700000000000000000e+01,3.561716439166666692e-01
3.480000000000000000e+04,7.510208666666666304e-03,3.900000000000000000e+02,2.928981379999999746e+00,1.720000000000000000e+02,1.291755890666666629e+00,4.700000000000000000e+01,3.529798073333333397e-01
3.510000000000000000e+04,7.442297250000000364e-03,3.900000000000000000e+02,2.902495927499999961e+00,1.720000000000000000e+02,1.280075127000000146e+00,4.700000000000000000e+01,3.497879707500000102e-01
3.540000000000000000e+04,7.374385833333333556e-03,3.900000000000000000e+02,2.876010475000000177e+00,1.720000000000000000e+02,1.268394363333333441e+00,4.700000000000000000e+01,3.465961341666666806e-01
3.570000000000000000e+04,7.306474416666666749e-03,3.900000000000000000e+02,2.849525022499999949e+00,1.720000000000000000e+02,1.256713599666666736e+00,4.700000000000000000e+01,3.434042975833333511e-01
3.600000000000000000e+04,7.238562999999999942e-03,3.900000000000000000e+02,2.823039570000000165e+00,1.720000000000000000e+02,1.245032836000000032e+00,4.700000000000000000e+01,3.402124610000000215e-01
3.630000000000000000e+04,7.126708833333333590e-03,3.900000000000000000e+02,2.779416445000000291e+00,1.720000000000000000e+02,1.225793919333333371e+00,4.700000000000000000e+01,3.349553151666666562e-01
3.660000000000000000e+04,7.014854666666666370e-03,3.900000000000000000e+02,2.735793319999999973e+00,1.720000000000000000e+02,1.206555002666666709e+00,4.700000000000000000e+01,3.296981693333333463e-01
3.690000000000000000e+04,6.903000500000000018e-03,3.900000000000000000e+02,2.692170195000000099e+00,1.720000000000000000e+02,1.187316086000000048e+00,4.700000000000000000e+01,3.244410234999999809e-01
3.720000000000000000e+04,6.791146333333333666e-03,3.900000000000000000e+02,2.648547070000000225e+00,1.720000000000000000e+02,1.168077169333333387e+00,4.700000000000000000e+01,3.191838776666666710e-01
3.750000000000000000e+04,6.679292166666666447e-03,3.900000000000000000e+02,2.604923944999999907e+00,1.720000000000000000e+02,1.148838252666666726e+00,4.700000000000000000e+01,3.139267318333333057e-01
3.780000000000000000e+04,6.567438000000000095e-03,3.900000000000000000e+02,2.561300820000000034e+00,1.720000000000000000e+02,1.129599336000000065e+00,4.700000000000000000e+01,3.086695859999999958e-01
3.810000000000000000e+04,6.455583833333333743e-03,3.900000000000000000e+02,2.517677695000000160e+00,1.720000000000000000e+02,1.110360419333333404e+00,4.700000000000000000e+01,3.034124401666666859e-01
3.840000000000000000e+04,6.343729666666666524e-03,3.900000000000000000e+02,2.474054569999999842e+00,1.720000000000000000e+02,1.091121502666666743e+00,4.700000000000000000e+01,2.981552943333333205e-01
3.870000000000000000e+04,6.231875500000000172e-03,3.900000000000000000e+02,2.430431444999999968e+00,1.720000000000000000e+02,1.071882586000000082e+00,4.700000000000000000e+01,2.928981485000000107e-01
3.900000000000000000e+04,6.120021333333332952e-03,3.900000000000000000e+02,2.386808319999999650e+00,1.720000000000000000e+02,1.052643669333333198e+00,4.700000000000000000e+01,2.876410026666666453e-01
3.930000000000000000e+04,6.008167166666666600e-03,3.900000000000000000e+02,2.343185194999999776e+00,1.720000000000000000e+02,1.033404752666666759e+00,4.700000000000000000e+01,2.823838568333333354e-01
3.960000000000000000e+04,5.896313000000000248e-03,3.900000000000000000e+02,2.299562069999999903e+00,1.720000000000000000e+02,1.014165836000000098e+00,4.700000000000000000e+01,2.771267110000000256e-01
3.990000000000000000e+04,5.860359833333333643e-03,3.900000000000000000e+02,2.285540335000000312e+00,1.720000000000000000e+02,1.007981891333333380e+00,4.700000000000000000e+01,2.754369121666666587e-01
4.020000000000000000e+04,5.824406666666667037e-03,3.900000000000000000e+02,2.271518600000000276e+00,1.720000000000000000e+02,1.001797946666666661e+00,4.700000000000000000e+01,2.737471133333333473e-01
4.050000000000000000e+04,5.788453500000000432e-03,3.900000000000000000e+02,2.257496865000000241e+00,1.720000000000000000e+02,9.956140020000000534e-01,4.700000000000000000e+01,2.720573145000000359e-01
4.080000000000000000e+04,5.752500333333333826e-03,3.900000000000000000e+02,2.243475130000000206e+00,1.720000000000000000e+02,9.894300573333334459e-01,4.700000000000000000e+01,2.703675156666666690e-01
4.110000000000000000e+04,5.716547166666667221e-03,3.900000000000000000e+02,2.229453395000000171e+00,1.720000000000000000e+02,9.832461126666667273e-01,4.700000000000000000e+01,2.686777168333333576e-01
4.140000000000000000e+04,5.680593999999999748e-03,3.900000000000000000e+02,2.215431659999999692e+00,1.720000000000000000e+02,9.770621680000000087e-01,4.700000000000000000e+01,2.669879179999999907e-01
4.170000000000000000e+04,5.644640833333333142e-03,3.900000000000000000e+02,2.201409925000000101e+00,1.720000000000000000e+02,9.708782233333332901e-01,4.700000000000000000e+01,2.652981191666666794e-01
4.200000000000000000e+04,5.608687666666666537e-03,3.900000000000000000e+02,2.187388190000000066e+00,1.720000000000000000e+02,9.646942786666666825e-01,4.700000000000000000e+01,2.636083203333333125e-01
4.230000000000000000e+04,5.572734499999999931e-03,3.900000000000000000e+02,2.173366455000000030e+00,1.720000000000000000e+02,9.585103339999999639e-01,4.700000000000000000e+01,2.619185215000000011e-01
4.260000000000000000e+04,5.536781333333333326e-03,3.900000000000000000e+02,2.159344719999999995e+00,1.720000000000000000e+02,9.523263893333333563e-01,4.700000000000000000e+01,2.602287226666666897e-01
4.290000000000000000e+04,5.500828166666666720e-03,3.900000000000000000e+02,2.145322984999999960e+00,1.720000000000000000e+02,9.461424446666666377e-01,4.700000000000000000e+01,2.585389238333333228e-01
4.320000000000000000e+04,5.464875000000000115e-03,3.900000000000000000e+02,2.131301249999999925e+00,1.720000000000000000e+02,9.399585000000000301e-01,4.700000000000000000e+01,2.568491250000000115e-01
4.350000000000000000e+04,5.456885416666666308e-03,3.900000000000000000e+02,2.128185312499999871e+00,1.720000000000000000e+02,9.385842916666665703e-01,4.700000000000000000e+01,2.564736145833333425e-01
4.380000000000000000e+04,5.448895833333333369e-03,3.900000000000000000e+02,2.125069374999999816e+00,1.720000000000000000e+02,9.372100833333333325e-01,4.700000000000000000e+01,2.560981041666666735e-01
4.410000000000000000e+04,5.440906250000000430e-03,3.900000000000000000e+02,2.121953437500000206e+00,1.720000000000000000e+02,9.358358750000000947e-01,4.700000000000000000e+01,2.557225937500000046e-01
4.440000000000000000e+04,5.432916666666666623e-03,3.900000000000000000e+02,2.118837500000000151e+00,1.720000000000000000e+02,9.344616666666666349e-01,4.700000000000000000e+01,2.553470833333333356e-01
4.470000000000000000e+04,5.424927083333332817e-03,3.900000000000000000e+02,2.115721562499999653e+00,1.720000000000000000e+02,9.330874583333332861e-01,4.700000000000000000e+01,2.549715729166666667e-01
4.500000000000000000e+04,5.416937499999999878e-03,3.900000000000000000e+02,2.112605625000000042e+00,1.720000000000000000e+02,9.317132499999999373e-01,4.700000000000000000e+01,2.545960624999999977e-01
4.530000000000000000e+04,5.408947916666666939e-03,3.900000000000000000e+02,2.109489687499999988e+00,1.720000000000000000e+02,9.303390416666666995e-01,4.700000000000000000e+01,2.542205520833333288e-01
4.560000000000000000e+04,5.400958333333333132e-03,3.900000000000000000e+02,2.106373749999999934e+00,1.720000000000000000e+02,9.289648333333333508e-01,4.700000000000000000e+01,2.538450416666666598e-01
4.590000000000000000e+04,5.392968749999999326e-03,3.900000000000000000e+02,2.103257812499999879e+00,1.720000000000000000e+02,9.275906249999998909e-01,4.700000000000000000e+01,2.534695312499999909e-01
4.620000000000000000e+04,5.384979166666666386e-03,3.900000000000000000e+02,2.100141874999999825e+00,1.720000000000000000e+02,9.262164166666666532e-01,4.700000000000000000e+01,2.530940208333333219e-01
4.650000000000000000e+04,5.376989583333333447e-03,3.900000000000000000e+02,2.097025937500000214e+00,1.720000000000000000e+02,9.248422083333333044e-01,4.700000000000000000e+01,2.527185104166666529e-01
4.680000000000000000e+04,5.368999999999999641e-03,3.900000000000000000e+02,2.093909999999999716e+00,1.720000000000000000e+02,9.234679999999999556e-01,4.700000000000000000e+01,2.523429999999999840e-01
4.710000000000000000e+04,5.289104166666666780e-03,3.900000000000000000e+02,2.062750625000000060e+00,1.720000000000000000e+02,9.097259166666666896e-01,4.700000000000000000e+01,2.485878958333333499e-01
4.740000000000000000e+04,5.209208333333333052e-03,3.900000000000000000e+02,2.031591249999999960e+00,1.720000000000000000e+02,8.959838333333333127e-01,4.700000000000000000e+01,2.448327916666666604e-01
4.770000000000000000e+04,5.129312500000000191e-03,3.900000000000000000e+02,2.000431874999999859e+00,1.720000000000000000e+02,8.822417500000000468e-01,4.700000000000000000e+01,2.410776874999999986e-01
4.800000000000000000e+04,5.049416666666666463e-03,3.900000000000000000e+02,1.969272499999999981e+00,1.720000000000000000e+02,8.684996666666666698e-01,4.700000000000000000e+01,2.373225833333333368e-01
4.830000000000000000e+04,4.969520833333333602e-03,3.900000000000000000e+02,1.938113125000000103e+00,1.720000000000000000e+02,8.547575833333334039e-01,4.700000000000000000e+01,2.335674791666666750e-01
4.860000000000000000e+04,4.889624999999999874e-03,3.900000000000000000e+02,1.906953750000000003e+00,1.720000000000000000e+02,8.410155000000000269e-01,4.700000000000000000e+01,2.298123749999999854e-01
4.890000000000000000e+04,4.809729166666667013e-03,3.900000000000000000e+02,1.875794375000000125e+00,1.720000000000000000e+02,8.272734166666667610e-01,4.700000000000000000e+01,2.260572708333333514e-01
4.920000000000000000e+04,4.729833333333333285e-03,3.900000000000000000e+02,1.844635000000000025e+00,1.720000000000000000e+02,8.135313333333332730e-01,4.700000000000000000e+01,2.223021666666666618e-01
4.950000000000000000e+04,4.649937500000000425e-03,3.900000000000000000e+02,1.813475625000000147e+00,1.720000000000000000e+02,7.997892500000001181e-01,4.700000000000000000e+01,2.185470625000000278e-01
4.980000000000000000e+04,4.570041666666666696e-03,3.900000000000000000e+02,1.782316250000000046e+00,1.720000000000000000e+02,7.860471666666666302e-01,4.700000000000000000e+01,2.147919583333333382e-01
5.010000000000000000e+04,4.490145833333333836e-03,3.900000000000000000e+02,1.751156875000000168e+00,1.720000000000000000e+02,7.723050833333333642e-01,4.700000000000000000e+01,2.110368541666666764e-01
5.040000000000000000e+04,4.410250000000000108e-03,3.900000000000000000e+02,1.719997500000000068e+00,1.720000000000000000e+02,7.585629999999999873e-01,4.700000000000000000e+01,2.072817500000000146e-01
5.070000000000000000e+04,4.422234416666667028e-03,3.900000000000000000e+02,1.724671422500000162e+00,1.720000000000000000e+02,7.606243196666667705e-01,4.700000000000000000e+01,2.078450175833333469e-01
5.100000000000000000e+04,4.434218833333333082e-03,3.900000000000000000e+02,1.729345344999999812e+00,1.720000000000000000e+02,7.626856393333333317e-01,4.700000000000000000e+01,2.084082851666666514e-01
5.130000000000000000e+04,4.446203250000000003e-03,3.900000000000000000e+02,1.734019267499999906e+00,1.720000000000000000e+02,7.647469590000000039e-01,4.700000000000000000e+01,2.089715527500000114e-01
5.160000000000000000e+04,4.458187666666666923e-03,3.900000000000000000e+02,1.738693190000000000e+00,1.720000000000000000e+02,7.668082786666666761e-01,4.700000000000000000e+01,2.095348203333333437e-01
5.190000000000000000e+04,4.470172083333332977e-03,3.900000000000000000e+02,1.743367112499999871e+00,1.720000000000000000e+02,7.688695983333332373e-01,4.700000000000000000e+01,2.100980879166666482e-01
5.220000000000000000e+04,4.482156499999999898e-03,3.900000000000000000e+02,1.748041034999999965e+00,1.720000000000000000e+02,7.709309180000000206e-01,4.700000000000000000e+01,2.106613555000000082e-01
5.250000000000000000e+04,4.494140916666666818e-03,3.900000000000000000e+02,1.752714957500000059e+00,1.720000000000000000e+02,7.729922376666666928e-01,4.700000000000000000e+01,2.112246230833333405e-01
5.280000000000000000e+04,4.506125333333332872e-03,3.900000000000000000e+02,1.757388879999999709e+00,1.720000000000000000e+02,7.750535573333332540e-01,4.700000000000000000e+01,2.117878906666666450e-01
5.310000000000000000e+04,4.518109749999999793e-03,3.900000000000000000e+02,1.762062802500000025e+00,1.720000000000000000e+02,7.771148769999999262e-01,4.700000000000000000e+01,2.123511582499999772e-01
5.340000000000000000e+04,4.530094166666666713e-03,3.900000000000000000e+02,1.766736725000000119e+00,1.720000000000000000e+02,7.791761966666667094e-01,4.700000000000000000e+01,2.129144258333333373e-01
5.370000000000000000e+04,4.542078583333332767e-03,3.900000000000000000e+02,1.771410647499999769e+00,1.720000000000000000e+02,7.812375163333332706e-01,4.700000000000000000e+01,2.134776934166666418e-01
5.400000000000000000e+04,4.554062999999999688e-03,3.900000000000000000e+02,1.776084569999999863e+00,1.720000000000000000e+02,7.832988359999999428e-01,4.700000000000000000e+01,2.140409609999999740e-01
5.430000000000000000e+04,4.637953583333333241e-03,3.900000000000000000e+02,1.808801897499999978e+00,1.720000000000000000e+02,7.977280163333333451e-01,4.700000000000000000e+01,2.179838184166666692e-01
5.460000000000000000e+04,4.721844166666665926e-03,3.900000000000000000e+02,1.841519224999999649e+00,1.720000000000000000e+02,8.121571966666665254e-01,4.700000000000000000e+01,2.219266758333333089e-01
5.490000000000000000e+04,4.805734749999999479e-03,3.900000000000000000e+02,1.874236552499999764e+00,1.720000000000000000e+02,8.265863769999999278e-01,4.700000000000000000e+01,2.258695332499999764e-01
5.520000000000000000e+04,4.889625333333333032e-03,3.900000000000000000e+02,1.906953879999999879e+00,1.720000000000000000e+02,8.410155573333333301e-01,4.700000000000000000e+01,2.298123906666666438e-01
5.550000000000000000e+04,4.973515916666666585e-03,3.900000000000000000e+02,1.939671207499999994e+00,1.720000000000000000e+02,8.554447376666666214e-01,4.700000000000000000e+01,2.337552480833333390e-01
5.580000000000000000e+04,5.057406500000000138e-03,3.900000000000000000e+02,1.972388535000000109e+00,1.720000000000000000e+02,8.698739180000000237e-01,4.700000000000000000e+01,2.376981055000000065e-01
5.610000000000000000e+04,5.141297083333332824e-03,3.900000000000000000e+02,2.005105862499999780e+00,1.720000000000000000e+02,8.843030983333332040e-01,4.700000000000000000e+01,2.416409629166666462e-01
5.640000000000000000e+04,5.225187666666666376e-03,3.900000000000000000e+02,2.037823189999999673e+00,1.720000000000000000e+02,8.987322786666666063e-01,4.700000000000000000e+01,2.455838203333333136e-01
5.670000000000000000e+04,5.309078249999999929e-03,3.900000000000000000e+02,2.070540517500000011e+00,1.720000000000000000e+02,9.131614590000000087e-01,4.700000000000000000e+01,2.495266777500000088e-01
5.700000000000000000e+04,5.392968833333332615e-03,3.900000000000000000e+02,2.103257844999999904e+00,1.720000000000000000e+02,9.275906393333331890e-01,4.700000000000000000e+01,2.534695351666666485e-01
5.730000000000000000e+04,5.476859416666666168e-03,3.900000000000000000e+02,2.135975172499999797e+00,1.720000000000000000e+02,9.420198196666665913e-01,4.700000000000000000e+01,2.574123925833333160e-01
5.760000000000000000e+04,5.560749999999999721e-03,3.900000000000000000e+02,2.168692499999999690e+00,1.720000000000000000e+02,9.564489999999999936e-01,4.700000000000000000e+01,2.613552499999999834e-01
5.790000000000000000e+04,5.600697916666666151e-03,3.900000000000000000e+02,2.184272187499999962e+00,1.720000000000000000e+02,9.633200416666666266e-01,4.700000000000000000e+01,2.632328020833333282e-01
5.820000000000000000e+04,5.640645833333333449e-03,3.900000000000000000e+02,2.199851875000000234e+00,1.720000000000000000e+02,9.701910833333333706e-01,4.700000000000000000e+01,2.651103541666666730e-01
5.850000000000000000e+04,5.680593749999999879e-03,3.900000000000000000e+02,2.215431562500000062e+00,1.720000000000000000e+02,9.770621250000000035e-01,4.700000000000000000e+01,2.669879062500000177e-01
5.880000000000000000e+04,5.720541666666666310e-03,3.900000000000000000e+02,2.231011249999999890e+00,1.720000000000000000e+02,9.839331666666666365e-01,4.700000000000000000e+01,2.688654583333333070e-01
5.910000000000000000e+04,5.760489583333333607e-03,3.900000000000000000e+02,2.246590937500000162e+00,1.720000000000000000e+02,9.908042083333333805e-01,4.700000000000000000e+01,2.707430104166667073e-01
5.940000000000000000e+04,5.800437500000000038e-03,3.900000000000000000e+02,2.262170624999999990e+00,1.720000000000000000e+02,9.976752500000000135e-01,4.700000000000000000e+01,2.726205624999999966e-01
5.970000000000000000e+04,5.840385416666666468e-03,3.900000000000000000e+02,2.277750312499999819e+00,1.720000000000000000e+02,1.004546291666666535e+00,4.700000000000000000e+01,2.744981145833333414e-01
6.000000000000000000e+04,5.880333333333333766e-03,3.900000000000000000e+02,2.293330000000000091e+00,1.720000000000000000e+02,1.011417333333333390e+00,4.700000000000000000e+01,2.763756666666666861e-01
6.030000000000000000e+04,5.920281250000000196e-03,3.900000000000000000e+02,2.308909687499999919e+00,1.720000000000000000e+02,1.018288375000000023e+00,4.700000000000000000e+01,2.782532187500000309e-01
6.060000000000000000e+04,5.960229166666666627e-03,3.900000000000000000e+02,2.324489375000000191e+00,1.720000000000000000e+02,1.025159416666666656e+00,4.700000000000000000e+01,2.801307708333333202e-01
6.090000000000000000e+04,6.000177083333333924e-03,3.900000000000000000e+02,2.340069062500000019e+00,1.720000000000000000e+02,1.032030458333333511e+00,4.700000000000000000e+01,2.820083229166667205e-01
6.120000000000000000e+04,6.040125000000000355e-03,3.900000000000000000e+02,2.355648750000000291e+00,1.720000000000000000e+02,1.038901500000000144e+00,4.700000000000000000e+01,2.838858750000000097e-01
6.150000000000000000e+04,6.112031250000000276e-03,3.900000000000000000e+02,2.383692187499999893e+00,1.720000000000000000e+02,1.051269374999999950e+00,4.700000000000000000e+01,2.872654687500000303e-01
6.180000000000000000e+04,6.183937500000000198e-03,3.900000000000000000e+02,2.411735624999999938e+00,1.720000000000000000e+02,1.063637249999999979e+00,4.700000000000000000e+01,2.906450624999999954e-01
6.210000000000000000e+04,6.255843750000000120e-03,3.900000000000000000e+02,2.439779062499999984e+00,1.720000000000000000e+02,1.076005125000000007e+00,4.700000000000000000e+01,2.940246562500000160e-01
6.240000000000000000e+04,6.327750000000000041e-03,3.900000000000000000e+02,2.467822500000000030e+00,1.720000000000000000e+02,1.088373000000000035e+00,4.700000000000000000e+01,2.974042499999999811e-01
6.270000000000000000e+04,6.399656249999999963e-03,3.900000000000000000e+02,2.495865937500000076e+00,1.720000000000000000e+02,1.100740875000000063e+00,4.700000000000000000e+01,3.007838437500000017e-01
6.300000000000000000e+04,6.471562499999999885e-03,3.900000000000000000e+02,2.523909375000000122e+00,1.720000000000000000e+02,1.113108749999999869e+00,4.700000000000000000e+01,3.041634374999999668e-01
6.330000000000000000e+04,6.543468750000000674e-03,3.900000000000000000e+02,2.551952812500000167e+00,1.720000000000000000e+02,1.125476625000000119e+00,4.700000000000000000e+01,3.075430312500000429e-01
6.360000000000000000e+04,6.615375000000000595e-03,3.900000000000000000e+02,2.579996250000000213e+00,1.720000000000000000e+02,1.137844500000000147e+00,4.700000000000000000e+01,3.109226250000000080e-01
6.390000000000000000e+04,6.687281250000000517e-03,3.900000000000000000e+02,2.608039687500000259e+00,1.720000000000000000e+02,1.150212375000000176e+00,4.700000000000000000e+01,3.143022187500000286e-01
6.420000000000000000e+04,6.759187500000000438e-03,3.900000000000000000e+02,2.636083125000000305e+00,1.720000000000000000e+02,1.162580249999999982e+00,4.700000000000000000e+01,3.176818124999999937e-01
6.450000000000000000e+04,6.831093750000000360e-03,3.900000000000000000e+02,2.664126562500000350e+00,1.720000000000000000e+02,1.174948125000000010e+00,4.700000000000000000e+01,3.210614062500000143e-01
6.480000000000000000e+04,6.903000000000000282e-03,3.900000000000000000e+02,2.692169999999999952e+00,1.720000000000000000e+02,1.187316000000000038e+00,4.700000000000000000e+01,3.244410000000000349e-01
6.510000000000000000e+04,6.791145833333333930e-03,3.900000000000000000e+02,2.648546875000000078e+00,1.720000000000000000e+02,1.168077083333333377e+00,4.700000000000000000e+01,3.191838541666666695e-01
6.540000000000000000e+04,6.679291666666666710e-03,3.900000000000000000e+02,2.604923750000000204e+00,1.720000000000000000e+02,1.148838166666666716e+00,4.700000000000000000e+01,3.139267083333333597e-01
6.570000000000000000e+04,6.567437500000000358e-03,3.900000000000000000e+02,2.561300625000000331e+00,1.720000000000000000e+02,1.129599250000000055e+00,4.700000000000000000e+01,3.086695624999999943e-01
6.600000000000000000e+04,6.455583333333333139e-03,3.900000000000000000e+02,2.517677500000000013e+00,1.720000000000000000e+02,1.110360333333333394e+00,4.700000000000000000e+01,3.034124166666666844e-01
6.630000000000000000e+04,6.343729166666666787e-03,3.900000000000000000e+02,2.474054375000000139e+00,1.720000000000000000e+02,1.091121416666666732e+00,4.700000000000000000e+01,2.981552708333333190e-01
6.660000000000000000e+04,6.231874999999999568e-03,3.900000000000000000e+02,2.430431249999999821e+00,1.720000000000000000e+02,1.071882499999999849e+00,4.700000000000000000e+01,2.928981249999999537e-01
6.690000000000000000e+04,6.120020833333333216e-03,3.900000000000000000e+02,2.386808124999999947e+00,1.720000000000000000e+02,1.052643583333333410e+00,4.700000000000000000e+01,2.876409791666666438e-01
6.720000000000000000e+04,6.008166666666666864e-03,3.900000000000000000e+02,2.343185000000000073e+00,1.720000000000000000e+02,1.033404666666666749e+00,4.700000000000000000e+01,2.823838333333333339e-01
6.750000000000000000e+04,5.896312499999999644e-03,3.900000000000000000e+02,2.299561874999999755e+00,1.720000000000000000e+02,1.014165749999999866e+00,4.700000000000000000e+01,2.771266874999999685e-01
6.780000000000000000e+04,5.784458333333333292e-03,3.900000000000000000e+02,2.255938749999999882e+00,1.720000000000000000e+02,9.949268333333333159e-01,4.700000000000000000e+01,2.718695416666666587e-01
6.810000000000000000e+04,5.672604166666666073e-03,3.900000000000000000e+02,2.212315624999999564e+00,1.720000000000000000e+02,9.756879166666665437e-01,4.700000000000000000e+01,2.666123958333332933e-01
6.840000000000000000e+04,5.560749999999999721e-03,3.900000000000000000e+02,2.168692499999999690e+00,1.720000000000000000e+02,9.564489999999999936e-01,4.700000000000000000e+01,2.613552499999999834e-01
6.870000000000000000e+04,5.516807333333333466e-03,3.900000000000000000e+02,2.151554860000000069e+00,1.720000000000000000e+02,9.488908613333333353e-01,4.700000000000000000e+01,2.592899446666666607e-01
6.900000000000000000e+04,5.472864666666666343e-03,3.900000000000000000e+02,2.134417220000000004e+00,1.720000000000000000e+02,9.413327226666665659e-01,4.700000000000000000e+01,2.572246393333333381e-01
6.930000000000000000e+04,5.428922000000000088e-03,3.900000000000000000e+02,2.117279579999999939e+00,1.720000000000000000e+02,9.337745840000000186e-01,4.700000000000000000e+01,2.551593340000000154e-01
6.960000000000000000e+04,5.384979333333332965e-03,3.900000000000000000e+02,2.100141939999999874e+00,1.720000000000000000e+02,9.262164453333332492e-01,4.700000000000000000e+01,2.530940286666666372e-01
6.990000000000000000e+04,5.341036666666666710e-03,3.900000000000000000e+02,2.083004299999999809e+00,1.720000000000000000e+02,9.186583066666667019e-01,4.700000000000000000e+01,2.510287233333333146e-01
7.020000000000000000e+04,5.297094000000000455e-03,3.900000000000000000e+02,2.065866660000000188e+00,1.720000000000000000e+02,9.111001680000000436e-01,4.700000000000000000e+01,2.489634180000000196e-01
7.050000000000000000e+04,5.253151333333333332e-03,3.900000000000000000e+02,2.048729020000000123e+00,1.720000000000000000e+02,9.035420293333333852e-01,4.700000000000000000e+01,2.468981126666666692e-01
7.080000000000000000e+04,5.209208666666667077e-03,3.900000000000000000e+02,2.031591380000000058e+00,1.720000000000000000e+02,8.959838906666667269e-01,4.700000000000000000e+01,2.448328073333333466e-01
7.110000000000000000e+04,5.165265999999999955e-03,3.900000000000000000e+02,2.014453739999999993e+00,1.720000000000000000e+02,8.884257519999999575e-01,4.700000000000000000e+01,2.427675019999999961e-01
7.140000000000000000e+04,5.121323333333333699e-03,3.900000000000000000e+02,1.997316100000000150e+00,1.720000000000000000e+02,8.808676133333334102e-01,4.700000000000000000e+01,2.407021966666666735e-01
7.170000000000000000e+04,5.077380666666666577e-03,3.900000000000000000e+02,1.980178459999999863e+00,1.720000000000000000e+02,8.733094746666666408e-01,4.700000000000000000e+01,2.386368913333333230e-01
7.200000000000000000e+04,5.033438000000000322e-03,3.900000000000000000e+02,1.963040820000000020e+00,1.720000000000000000e+02,8.657513360000000935e-01,4.700000000000000000e+01,2.365715860000000281e-01
7.230000000000000000e+04,5.057406750000000006e-03,3.900000000000000000e+02,1.972388632499999961e+00,1.720000000000000000e+02,8.698739610000000289e-01,4.700000000000000000e+01,2.376981172500000072e-01
7.260000000000000000e+04,5.081375500000000558e-03,3.900000000000000000e+02,1.981736445000000124e+00,1.720000000000000000e+02,8.739965860000000752e-01,4.700000000000000000e+01,2.388246485000000141e-01
7.290000000000000000e+04,5.105344250000000243e-03,3.900000000000000000e+02,1.991084257500000065e+00,1.720000000000000000e+02,8.781192110000000106e-01,4.700000000000000000e+01,2.399511797500000210e-01
7.320000000000000000e+04,5.129312999999999928e-03,3.900000000000000000e+02,2.000432070000000007e+00,1.720000000000000000e+02,8.822418359999999460e-01,4.700000000000000000e+01,2.410777110000000001e-01
7.350000000000000000e+04,5.153281750000000480e-03,3.900000000000000000e+02,2.009779882500000170e+00,1.720000000000000000e+02,8.863644610000001034e-01,4.700000000000000000e+01,2.422042422500000347e-01
7.380000000000000000e+04,5.177250500000000165e-03,3.900000000000000000e+02,2.019127694999999889e+00,1.720000000000000000e+02,8.904870860000000388e-01,4.700000000000000000e+01,2.433307735000000138e-01
7.410000000000000000e+04,5.201219249999999850e-03,3.900000000000000000e+02,2.028475507500000052e+00,1.720000000000000000e+02,8.946097109999999741e-01,4.700000000000000000e+01,2.444573047499999929e-01
7.440000000000000000e+04,5.225188000000000402e-03,3.900000000000000000e+02,2.037823320000000216e+00,1.720000000000000000e+02,8.987323360000000205e-01,4.700000000000000000e+01,2.455838360000000276e-01
7.470000000000000000e+04,5.249156750000000086e-03,3.900000000000000000e+02,2.047171132499999935e+00,1.720000000000000000e+02,9.028549610000000669e-01,4.700000000000000000e+01,2.467103672500000067e-01
7.500000000000000000e+04,5.273125499999999771e-03,3.900000000000000000e+02,2.056518945000000098e+00,1.720000000000000000e+02,9.069775860000000023e-01,4.700000000000000000e+01,2.478368984999999858e-01
7.530000000000000000e+04,5.297094250000000323e-03,3.900000000000000000e+02,2.065866757500000261e+00,1.720000000000000000e+02,9.111002110000000487e-01,4.700000000000000000e+01,2.489634297500000204e-01
7.560000000000000000e+04,5.321063000000000008e-03,3.900000000000000000e+02,2.075214569999999981e+00,1.720000000000000000e+02,9.152228359999999840e-01,4.700000000000000000e+01,2.500899610000000273e-01
7.590000000000000000e+04,5.261141083333333718e-03,3.900000000000000000e+02,2.051845022500000226e+00,1.720000000000000000e+02,9.049162663333334411e-01,4.700000000000000000e+01,2.472736309166666813e-01
7.620000000000000000e+04,5.201219166666666560e-03,3.900000000000000000e+02,2.028475475000000028e+00,1.720000000000000000e+02,8.946096966666666761e-01,4.700000000000000000e+01,2.444573008333333353e-01
7.650000000000000000e+04,5.141297250000000270e-03,3.900000000000000000e+02,2.005105927500000274e+00,1.720000000000000000e+02,8.843031270000000221e-01,4.700000000000000000e+01,2.416409707500000170e-01
7.680000000000000000e+04,5.081375333333333112e-03,3.900000000000000000e+02,1.981736379999999853e+00,1.720000000000000000e+02,8.739965573333332571e-01,4.700000000000000000e+01,2.388246406666666433e-01
7.710000000000000000e+04,5.021453416666666822e-03,3.900000000000000000e+02,1.958366832500000099e+00,1.720000000000000000e+02,8.636899876666667142e-01,4.700000000000000000e+01,2.360083105833333528e-01
7.740000000000000000e+04,4.961531499999999664e-03,3.900000000000000000e+02,1.934997284999999900e+00,1.720000000000000000e+02,8.533834179999999492e-01,4.700000000000000000e+01,2.331919804999999790e-01
7.770000000000000000e+04,4.901609583333333374e-03,3.900000000000000000e+02,1.911627737499999924e+00,1.720000000000000000e+02,8.430768483333332952e-01,4.700000000000000000e+01,2.303756504166666608e-01
7.800000000000000000e+04,4.841687666666667084e-03,3.900000000000000000e+02,1.888258190000000170e+00,1.720000000000000000e+02,8.327702786666667523e-01,4.700000000000000000e+01,2.275593203333333425e-01
7.830000000000000000e+04,4.781765749999999926e-03,3.900000000000000000e+02,1.864888642499999971e+00,1.720000000000000000e+02,8.224637089999999873e-01,4.700000000000000000e+01,2.247429902499999965e-01
7.860000000000000000e+04,4.721843833333333636e-03,3.900000000000000000e+02,1.841519095000000217e+00,1.720000000000000000e+02,8.121571393333333333e-01,4.700000000000000000e+01,2.219266601666666783e-01
7.890000000000000000e+04,4.661921916666666478e-03,3.900000000000000000e+02,1.818149547500000018e+00,1.720000000000000000e+02,8.018505696666666793e-01,4.700000000000000000e+01,2.191103300833333323e-01
7.920000000000000000e+04,4.602000000000000188e-03,3.900000000000000000e+02,1.794780000000000042e+00,1.720000000000000000e+02,7.915440000000000254e-01,4.700000000000000000e+01,2.162940000000000140e-01
7.950000000000000000e+04,4.438213583333333774e-03,3.900000000000000000e+02,1.730903297500000271e+00,1.720000000000000000e+02,7.633727363333333571e-01,4.700000000000000000e+01,2.085960384166666848e-01
7.980000000000000000e+04,4.274427166666666493e-03,3.900000000000000000e+02,1.667026594999999833e+00,1.720000000000000000e+02,7.352014726666666888e-01,4.700000000000000000e+01,2.008980768333333278e-01
8.010000000000000000e+04,4.110640750000000079e-03,3.900000000000000000e+02,1.603149892500000062e+00,1.720000000000000000e+02,7.070302090000000206e-01,4.700000000000000000e+01,1.932001152499999985e-01
8.040000000000000000e+04,3.946854333333333666e-03,3.900000000000000000e+02,1.539273190000000069e+00,1.720000000000000000e+02,6.788589453333333523e-01,4.700000000000000000e+01,1.855021536666666693e-01
8.070000000000000000e+04,3.783067916666666818e-03,3.900000000000000000e+02,1.475396487500000076e+00,1.720000000000000000e+02,6.506876816666666841e-01,4.700000000000000000e+01,1.778041920833333400e-01
8.100000000000000000e+04,3.619281499999999971e-03,3.900000000000000000e+02,1.411519785000000082e+00,1.720000000000000000e+02,6.225164180000000158e-01,4.700000000000000000e+01,1.701062305000000108e-01
8.130000000000000000e+04,3.455495083333333557e-03,3.900000000000000000e+02,1.347643082500000089e+00,1.720000000000000000e+02,5.943451543333333476e-01,4.700000000000000000e+01,1.624082689166666815e-01
8.160000000000000000e+04,3.291708666666667144e-03,3.900000000000000000e+02,1.283766380000000096e+00,1.720000000000000000e+02,5.661738906666667903e-01,4.700000000000000000e+01,1.547103073333333523e-01
8.190000000000000000e+04,3.127922250000000296e-03,3.900000000000000000e+02,1.219889677500000102e+00,1.720000000000000000e+02,5.380026270000000110e-01,4.700000000000000000e+01,1.470123457500000230e-01
8.220000000000000000e+04,2.964135833333333449e-03,3.900000000000000000e+02,1.156012975000000109e+00,1.720000000000000000e+02,5.098313633333333428e-01,4.700000000000000000e+01,1.393143841666666660e-01
8.250000000000000000e+04,2.800349416666667035e-03,3.900000000000000000e+02,1.092136272500000116e+00,1.720000000000000000e+02,4.816600996666667300e-01,4.700000000000000000e+01,1.316164225833333368e-01
8.280000000000000000e+04,2.636563000000000188e-03,3.900000000000000000e+02,1.028259570000000123e+00,1.720000000000000000e+02,4.534888360000000063e-01,4.700000000000000000e+01,1.239184610000000075e-01
8.310000000000000000e+04,2.516719250000000029e-03,3.900000000000000000e+02,9.815205074999999724e-01,1.720000000000000000e+02,4.328757109999999964e-01,4.700000000000000000e+01,1.182858047500000009e-01
8.340000000000000000e+04,2.396875500000000304e-03,3.900000000000000000e+02,9.347814450000001552e-01,1.720000000000000000e+02,4.122625860000000420e-01,4.700000000000000000e+01,1.126531485000000082e-01
8.370000000000000000e+04,2.277031750000000146e-03,3.900000000000000000e+02,8.880423825000000049e-01,1.720000000000000000e+02,3.916494610000000320e-01,4.700000000000000000e+01,1.070204922500000017e-01
8.400000000000000000e+04,2.157187999999999987e-03,3.900000000000000000e+02,8.413033199999999656e-01,1.720000000000000000e+02,3.710363360000000221e-01,4.700000000000000000e+01,1.013878359999999951e-01
8.430000000000000000e+04,2.037344250000000263e-03,3.900000000000000000e+02,7.945642575000001484e-01,1.720000000000000000e+02,3.504232110000000677e-01,4.700000000000000000e+01,9.575517975000001625e-02
8.460000000000000000e+04,1.917500500000000104e-03,3.900000000000000000e+02,7.478251949999999981e-01,1.720000000000000000e+02,3.298100860000000023e-01,4.700000000000000000e+01,9.012252350000000967e-02
8.490000000000000000e+04,1.797656749999999946e-03,3.900000000000000000e+02,7.010861324999999589e-01,1.720000000000000000e+02,3.091969609999999924e-01,4.700000000000000000e+01,8.448986725000000308e-02
8.520000000000000000e+04,1.677813000000000004e-03,3.900000000000000000e+02,6.543470700000000306e-01,1.720000000000000000e+02,2.885838359999999825e-01,4.700000000000000000e+01,7.885721099999999650e-02
8.550000000000000000e+04,1.557969250000000062e-03,3.900000000000000000e+02,6.076080074999999914e-01,1.720000000000000000e+02,2.679707110000000281e-01,4.700000000000000000e+01,7.322455475000000380e-02
8.580000000000000000e+04,1.438125500000000121e-03,3.900000000000000000e+02,5.608689450000000631e-01,1.720000000000000000e+02,2.473575860000000182e-01,4.700000000000000000e+01,6.759189850000001110e-02
8.610000000000000000e+04,1.318281749999999962e-03,3.900000000000000000e+02,5.141298825000000239e-01,1.720000000000000000e+02,2.267444609999999805e-01,4.700000000000000000e+01,6.195924224999999758e-02
